{
  "config": {
    "seed": 42,
    "max_features": 100000,
    "ngram_min": 1,
    "ngram_max": 3,
    "min_df": 2,
    "C": 2.0,
    "max_iter": 2000
  },
  "label_map": {
    "nbc": 0,
    "fox": 1
  },
  "val": {
    "accuracy": 0.8245354382502877,
    "precision": 0.8232890704800817,
    "recall": 0.8152393796358732,
    "f1": 0.8192444519735728,
    "confusion_matrix": [
      [
        2596,
        519
      ],
      [
        548,
        2418
      ]
    ],
    "classification_report": {
      "nbc": {
        "precision": 0.8256997455470738,
        "recall": 0.8333868378812199,
        "f1-score": 0.8295254833040422,
        "support": 3115.0
      },
      "fox": {
        "precision": 0.8232890704800817,
        "recall": 0.8152393796358732,
        "f1-score": 0.8192444519735728,
        "support": 2966.0
      },
      "accuracy": 0.8245354382502877,
      "macro avg": {
        "precision": 0.8244944080135778,
        "recall": 0.8243131087585466,
        "f1-score": 0.8243849676388075,
        "support": 6081.0
      },
      "weighted avg": {
        "precision": 0.8245239418554607,
        "recall": 0.8245354382502877,
        "f1-score": 0.8245109233753837,
        "support": 6081.0
      }
    }
  },
  "test": {
    "accuracy": 0.8204833141542003,
    "precision": 0.8279118572927597,
    "recall": 0.7977755308392316,
    "f1": 0.8125643666323378,
    "confusion_matrix": [
      [
        2624,
        492
      ],
      [
        600,
        2367
      ]
    ],
    "classification_report": {
      "nbc": {
        "precision": 0.8138957816377171,
        "recall": 0.8421052631578947,
        "f1-score": 0.8277602523659306,
        "support": 3116.0
      },
      "fox": {
        "precision": 0.8279118572927597,
        "recall": 0.7977755308392316,
        "f1-score": 0.8125643666323378,
        "support": 2967.0
      },
      "accuracy": 0.8204833141542003,
      "macro avg": {
        "precision": 0.8209038194652385,
        "recall": 0.8199403969985631,
        "f1-score": 0.8201623094991342,
        "support": 6083.0
      },
      "weighted avg": {
        "precision": 0.8207321611327872,
        "recall": 0.8204833141542003,
        "f1-score": 0.8203484172563514,
        "support": 6083.0
      }
    }
  }
}